{
  "results": [
    {
      "run": 1,
      "templates_before": 74,
      "templates_after": 131,
      "templates_added": 0,
      "ratio_before": 0.9943723268552562,
      "ratio_after": 0.9944476319150117,
      "matches_before": 0,
      "matches_after": 0,
      "improvement_percent": 0.007573125047999341
    },
    {
      "run": 2,
      "templates_before": 74,
      "templates_after": 131,
      "templates_added": 0,
      "ratio_before": 0.9942603505012627,
      "ratio_after": 0.9944444444444445,
      "matches_before": 0,
      "matches_after": 0,
      "improvement_percent": 0.01851566776136515
    },
    {
      "run": 3,
      "templates_before": 74,
      "templates_after": 131,
      "templates_added": 0,
      "ratio_before": 0.994603540077709,
      "ratio_after": 0.9945888421926011,
      "matches_before": 0,
      "matches_after": 0,
      "improvement_percent": -0.0014777632006746089
    }
  ],
  "summary": {
    "total_improvement": 0.021774071089608604,
    "final_templates": 131,
    "initial_templates": 74
  }
}