{
  "timestamp": "2025-10-25T20:58:48.910895",
  "config": {
    "num_users": 50,
    "server_url": "ws://localhost:8765",
    "warmup": false
  },
  "summary": {
    "total_time": 49.81101703643799,
    "total_messages": 1458,
    "messages_per_second": 29.2706330194671,
    "success_rate": 100.0,
    "errors": 0,
    "overall_compression_ratio": 1.2984546464133115,
    "bandwidth_saved_percent": 22.9853732078918
  },
  "latencies": {
    "average_ms": 3.460562278213815,
    "median_ms": 0.6299018859863281,
    "min_ms": 0.25153160095214844,
    "max_ms": 139.0359401702881,
    "p95_ms": 4.103660583496094,
    "p99_ms": 101.0138988494873
  },
  "compression": {
    "total_original_size": 68983,
    "total_compressed_size": 53127,
    "overall_ratio": 1.2984546464133115,
    "ai_ratio": 1.2984546464133115,
    "human_ratio": 1.0,
    "method_counts": {
      "AURA_LITE": 639,
      "BINARY_SEMANTIC": 537,
      "UNCOMPRESSED": 282
    },
    "length_buckets": {
      "100-200": 1.6407268013570193,
      "50-100": 2.0223421730714763,
      "<50": 2.4891346030984325,
      "200-500": 1.295980007883289
    }
  }
}