{
  "runs": [
    {
      "run_id": 1,
      "duration_seconds": 3.9278879165649414,
      "total_messages": 3600,
      "templates_discovered": 1,
      "templates_used": 0,
      "phase1_messages": 1800,
      "phase1_compression_ratio": 0.9950856730989746,
      "phase1_bandwidth_saved": -0.49385967800348995,
      "phase1_matches": 0,
      "phase2_messages": 1800,
      "phase2_compression_ratio": 0.9950940711850271,
      "phase2_bandwidth_saved": -0.49301156112110833,
      "phase2_matches": 0,
      "improvement_ratio": 1.0000084395608133,
      "improvement_bandwidth": 0.0008481168823816221
    },
    {
      "run_id": 2,
      "duration_seconds": 4.04628586769104,
      "total_messages": 3600,
      "templates_discovered": 0,
      "templates_used": 0,
      "phase1_messages": 1800,
      "phase1_compression_ratio": 0.9950880601658053,
      "phase1_bandwidth_saved": -0.49361860832460364,
      "phase1_matches": 0,
      "phase2_messages": 1800,
      "phase2_compression_ratio": 0.9950561945881811,
      "phase2_bandwidth_saved": -0.4968368056705641,
      "phase2_matches": 0,
      "improvement_ratio": 0.9999679771279549,
      "improvement_bandwidth": -0.0032181973459604607
    },
    {
      "run_id": 3,
      "duration_seconds": 4.406486988067627,
      "total_messages": 3600,
      "templates_discovered": 1,
      "templates_used": 0,
      "phase1_messages": 1800,
      "phase1_compression_ratio": 0.995076963471069,
      "phase1_bandwidth_saved": -0.4947392724034434,
      "phase1_matches": 0,
      "phase2_messages": 1800,
      "phase2_compression_ratio": 0.995098346236483,
      "phase2_bandwidth_saved": -0.49257983213973944,
      "phase2_matches": 0,
      "improvement_ratio": 1.000021488554352,
      "improvement_bandwidth": 0.00215944026370396
    }
  ],
  "summary": {
    "total_messages": 10800,
    "avg_templates_discovered": 0.6666666666666666,
    "avg_phase1_ratio": 0.9950835655786163,
    "avg_phase1_bandwidth": -0.494072519577179,
    "avg_phase2_ratio": 0.9950828706698971,
    "avg_phase2_bandwidth": -0.4941427329771373,
    "avg_improvement_ratio": 0.9999993017477067,
    "avg_improvement_bandwidth": -7.021339995829286e-05,
    "avg_template_usage_percent": 0.0
  }
}