{
  "timestamp": "20251031_053943",
  "duration_per_run": "60 seconds (30s cold + 30s warm)",
  "num_runs": 3,
  "summary": {
    "total_messages": 1800,
    "avg_templates_discovered": 13.333333333333334,
    "avg_phase1_ratio": 0.9954788670268263,
    "avg_phase2_ratio": 1.0332052707764698,
    "avg_improvement_ratio": 1.0378978195859967,
    "avg_improvement_bandwidth": 3.667531445113584,
    "avg_template_usage_percent": 52.77777777777778
  },
  "runs": [
    {
      "run_id": 1,
      "duration_seconds": 1.758396863937378,
      "total_messages": 600,
      "templates_discovered": 15,
      "templates_used": 170,
      "phase1_messages": 300,
      "phase1_compression_ratio": 0.9954198473282443,
      "phase1_bandwidth_saved": -0.4601226993865031,
      "phase1_matches": 0,
      "phase2_messages": 300,
      "phase2_compression_ratio": 1.0356631266979501,
      "phase2_bandwidth_saved": 3.4435064625363667,
      "phase2_matches": 170,
      "improvement_ratio": 1.0404284478330634,
      "improvement_bandwidth": 3.90362916192287
    },
    {
      "run_id": 2,
      "duration_seconds": 1.8579671382904053,
      "total_messages": 600,
      "templates_discovered": 13,
      "templates_used": 149,
      "phase1_messages": 300,
      "phase1_compression_ratio": 0.9955084441250449,
      "phase1_bandwidth_saved": -0.4511820970943873,
      "phase1_matches": 0,
      "phase2_messages": 300,
      "phase2_compression_ratio": 1.0302854271987942,
      "phase2_bandwidth_saved": 2.9395181567438247,
      "phase2_matches": 149,
      "improvement_ratio": 1.0349338905952876,
      "improvement_bandwidth": 3.390700253838212
    },
    {
      "run_id": 3,
      "duration_seconds": 1.9254913330078125,
      "total_messages": 600,
      "templates_discovered": 12,
      "templates_used": 156,
      "phase1_messages": 300,
      "phase1_compression_ratio": 0.9955083096271897,
      "phase1_bandwidth_saved": -0.45119566852158216,
      "phase1_matches": 0,
      "phase2_messages": 300,
      "phase2_compression_ratio": 1.0336672584326654,
      "phase2_bandwidth_saved": 3.2570692510580876,
      "phase2_matches": 156,
      "improvement_ratio": 1.0383311203296393,
      "improvement_bandwidth": 3.70826491957967
    }
  ]
}