{
  "timestamp": "20251031_053933",
  "duration_per_run": "60 seconds (30s cold + 30s warm)",
  "num_runs": 3,
  "summary": {
    "total_messages": 1800,
    "avg_templates_discovered": 11.333333333333334,
    "avg_phase1_ratio": 0.9954858367970578,
    "avg_phase2_ratio": 1.0312947529017713,
    "avg_improvement_ratio": 1.0359712318302623,
    "avg_improvement_bandwidth": 3.487910691497353,
    "avg_template_usage_percent": 51.22222222222222
  },
  "runs": [
    {
      "run_id": 1,
      "duration_seconds": 1.7743449211120605,
      "total_messages": 600,
      "templates_discovered": 11,
      "templates_used": 145,
      "phase1_messages": 300,
      "phase1_compression_ratio": 0.9956206297534415,
      "phase1_bandwidth_saved": -0.43986334911954017,
      "phase1_matches": 0,
      "phase2_messages": 300,
      "phase2_compression_ratio": 1.0314308197935471,
      "phase2_bandwidth_saved": 3.0473027555874697,
      "phase2_matches": 145,
      "improvement_ratio": 1.0359677059413421,
      "improvement_bandwidth": 3.48716610470701
    },
    {
      "run_id": 2,
      "duration_seconds": 1.7552261352539062,
      "total_messages": 600,
      "templates_discovered": 12,
      "templates_used": 155,
      "phase1_messages": 300,
      "phase1_compression_ratio": 0.9953138911885534,
      "phase1_bandwidth_saved": -0.4708171816883504,
      "phase1_matches": 0,
      "phase2_messages": 300,
      "phase2_compression_ratio": 1.0301969159260074,
      "phase2_bandwidth_saved": 2.931179025988873,
      "phase2_matches": 155,
      "improvement_ratio": 1.0350472600114105,
      "improvement_bandwidth": 3.4019962076772234
    },
    {
      "run_id": 3,
      "duration_seconds": 1.9226627349853516,
      "total_messages": 600,
      "templates_discovered": 11,
      "templates_used": 161,
      "phase1_messages": 300,
      "phase1_compression_ratio": 0.9955229894491785,
      "phase1_bandwidth_saved": -0.44971443133610156,
      "phase1_matches": 0,
      "phase2_messages": 300,
      "phase2_compression_ratio": 1.0322565229857594,
      "phase2_bandwidth_saved": 3.1248553307717235,
      "phase2_matches": 161,
      "improvement_ratio": 1.0368987295380345,
      "improvement_bandwidth": 3.574569762107825
    }
  ]
}