{
  "timestamp": "2025-10-25T21:02:34.300221",
  "config": {
    "num_users": 250,
    "server_url": "ws://localhost:8765",
    "warmup": false
  },
  "summary": {
    "total_time": 59.855578899383545,
    "total_messages": 7235,
    "messages_per_second": 120.8742799424251,
    "success_rate": 100.0,
    "errors": 0,
    "overall_compression_ratio": 1.2400435046863505,
    "bandwidth_saved_percent": 19.357667999484075
  },
  "latencies": {
    "average_ms": 12.873645082538344,
    "median_ms": 0.9398460388183594,
    "min_ms": 0.23365020751953125,
    "max_ms": 628.5631656646729,
    "p95_ms": 5.193948745727539,
    "p99_ms": 426.5115261077881
  },
  "compression": {
    "total_original_size": 348885,
    "total_compressed_size": 281349,
    "overall_ratio": 1.2400435046863505,
    "ai_ratio": 1.2400435046863505,
    "human_ratio": 1.0,
    "method_counts": {
      "AURA_LITE": 3569,
      "BINARY_SEMANTIC": 2592,
      "UNCOMPRESSED": 1074
    },
    "length_buckets": {
      "50-100": 1.7754216611807763,
      "100-200": 1.6473599619962473,
      "200-500": 1.3081353265739812,
      "<50": 2.699559874047951
    }
  }
}